"Name","Team","G","PA","HR","R","RBI","SB","BB%","K%","ISO","BABIP","AVG","OBP","SLG","wOBA","wRC+","BsR","Off","Def","WAR","playerid"
"Mike Trout","Angels","706","3078","187","530","445","98","17.3 %","20.4 %",".300",".338",".305",".435",".605",".430","178","28.8","318.7","11.3","44.2","10155"
"Mookie Betts","Red Sox","742","3416","134","579","452","119","10.2 %","12.7 %",".222",".313",".302",".374",".524",".378","135","40.3","186.1","46.7","35.4","13611"
"Kris Bryant","Cubs","706","3105","138","486","403","34","11.9 %","23.6 %",".232",".342",".284",".385",".516",".383","139","22.0","173.7","1.6","27.8","15429"
"Christian Yelich","- - -","714","3110","126","459","430","93","11.2 %","20.2 %",".213",".357",".306",".388",".519",".384","142","25.4","189.6","-13.3","27.7","11477"
"Josh Donaldson","- - -","633","2785","156","435","417","21","14.0 %","20.5 %",".265",".300",".276",".382",".541",".390","146","3.7","159.3","18.8","27.6","5038"
"Jose Altuve","Astros","729","3215","107","479","378","123","7.7 %","11.9 %",".184",".341",".323",".380",".507",".376","142","0.0","163.9","-4.9","27.2","5417"
"Francisco Lindor","Indians","717","3244","130","478","384","93","8.0 %","14.0 %",".206",".300",".288",".347",".493",".354","119","4.0","78.2","79.1","27.2","12916"
"Nolan Arenado","Rockies","787","3376","199","519","621","12","8.9 %","15.8 %",".275",".304",".300",".362",".575",".387","127","0.9","116.9","41.5","26.9","9777"
"Paul Goldschmidt","- - -","791","3437","160","518","505","81","14.3 %","22.9 %",".233",".349",".293",".397",".525",".387","140","17.3","185.9","-45.2","25.5","9218"
"Anthony Rendon","Nationals","665","2850","108","420","428","27","11.2 %","15.3 %",".213",".316",".295",".379",".507",".374","131","6.2","119.6","40.9","25.2","12861"
"Bryce Harper","- - -","727","3150","164","498","486","59","16.8 %","22.0 %",".257",".316",".278",".402",".535",".391","144","4.9","173.9","-29.0","25.0","11579"
"Yasmani Grandal","- - -","663","2515","117","286","322","8","13.9 %","23.9 %",".217",".276",".240",".348",".456",".346","117","-26.0","28.1","137.2","24.9","11368"
"Manny Machado","- - -","793","3469","174","453","469","48","8.7 %","16.7 %",".223",".290",".279",".343",".502",".355","123","-4.1","92.9","32.3","24.6","11493"
"Xander Bogaerts","Red Sox","752","3286","94","475","452","50","8.4 %","17.2 %",".171",".339",".298",".360",".468",".354","119","17.4","92.7","35.9","24.3","12161"
"Jose Ramirez","Indians","687","2858","108","419","374","107","10.0 %","11.3 %",".217",".284",".281",".356",".499",".360","123","30.1","111.0","20.3","23.1","13510"
"Joey Votto","Reds","765","3310","121","448","391","31","17.2 %","17.0 %",".201",".340",".302",".426",".503",".396","147","-21.4","167.4","-47.6","23.1","4314"
"Freddie Freeman","Braves","713","3087","141","455","447","33","12.1 %","20.2 %",".238",".342",".299",".390",".537",".388","142","5.5","167.8","-38.5","23.1","5361"
"George Springer","Astros","666","3000","140","485","375","42","11.1 %","21.1 %",".216",".311",".274",".364",".491",".365","134","2.7","127.4","-3.5","22.8","12856"
"Buster Posey","Giants","655","2698","57","308","321","17","9.6 %","11.5 %",".133",".317",".295",".366",".428",".342","116","-15.6","36.4","96.7","22.4","9166"
"Justin Turner","Dodgers","645","2579","105","348","340","20","9.3 %","14.6 %",".211",".314",".297",".378",".508",".377","139","1.1","126.8","6.9","21.9","5235"
"Anthony Rizzo","Cubs","771","3346","147","450","514","41","11.5 %","14.0 %",".227",".293",".283",".389",".510",".381","138","-16.2","141.8","-41.4","21.0","3473"
"Alex Bregman","Astros","517","2238","99","346","320","34","12.7 %","14.2 %",".241",".296",".286",".384",".527",".384","146","2.3","131.0","-2.1","20.5","17678"
"J.D. Martinez","- - -","693","2969","184","456","509","16","10.0 %","24.2 %",".280",".353",".305",".376",".585",".399","150","-20.3","161.9","-62.8","20.4","6184"
"Nelson Cruz","- - -","726","3079","204","428","522","7","9.8 %","23.3 %",".273",".319",".288",".367",".561",".388","149","-19.1","165.5","-73.5","20.0","2434"
"Lorenzo Cain","- - -","687","2926","61","408","263","116","8.3 %","16.5 %",".131",".337",".292",".358",".424",".339","110","17.7","52.9","42.7","19.7","9077"
"Charlie Blackmon","Rockies","755","3378","144","572","400","88","7.5 %","17.4 %",".227",".342",".309",".370",".536",".382","124","5.0","107.3","-31.0","18.6","7859"
"Carlos Correa","Astros","546","2362","102","312","372","33","10.8 %","21.0 %",".212",".315",".277",".356",".489",".358","129","7.7","92.6","9.9","18.5","14162"
"Corey Seager","Dodgers","489","2069","73","302","266","10","9.2 %","19.2 %",".197",".339",".294",".362",".491",".361","128","9.9","82.0","32.7","18.2","13624"
"Matt Carpenter","Cardinals","713","3022","123","443","348","16","14.4 %","22.2 %",".225",".297",".255",".369",".480",".362","129","0.2","105.1","-26.0","18.0","8090"
"Andrelton Simmons","- - -","678","2737","40","300","272","54","6.3 %","8.5 %",".107",".290",".277",".326",".384",".308","93","0.5","-21.3","105.5","17.9","10847"
"Aaron Judge","Yankees","396","1718","110","290","246","18","16.1 %","31.6 %",".285",".357",".273",".394",".558",".397","152","1.4","111.9","8.1","17.8","15640"
"Giancarlo Stanton","- - -","528","2257","154","336","386","11","11.1 %","28.0 %",".290",".307",".266",".352",".555",".377","140","-1.6","108.6","-8.7","17.6","4949"
"J.T. Realmuto","- - -","674","2715","84","343","317","40","6.0 %","18.5 %",".175",".317",".279",".328",".454",".332","108","13.9","43.1","43.4","17.3","11739"
"Kyle Seager","Mariners","734","3085","128","363","402","15","8.5 %","17.5 %",".201",".269",".252",".322",".453",".329","110","-7.6","30.2","32.3","17.0","9785"
"Brian Dozier","- - -","750","3214","145","446","391","61","10.3 %","20.6 %",".219",".271",".247",".330",".466",".339","111","9.6","51.9","7.8","17.0","9810"
"Marcus Semien","Athletics","720","3058","100","402","322","57","9.1 %","19.3 %",".176",".294",".258",".326",".434",".326","107","8.6","36.8","26.1","16.7","12533"
"Robinson Cano","- - -","654","2808","106","358","368","3","7.0 %","14.5 %",".184",".303",".285",".340",".470",".343","120","-14.5","51.4","9.5","15.8","3269"
"DJ LeMahieu","- - -","724","3173","66","483","355","51","8.1 %","14.2 %",".135",".350",".313",".370",".448",".352","108","-3.7","29.0","24.3","15.7","9874"
"Didi Gregorius","Yankees","660","2658","97","334","360","27","5.3 %","13.5 %",".177",".278",".269",".313",".446",".323","101","13.5","18.0","45.3","15.7","6012"
"Tommy Pham","- - -","540","2110","79","328","239","69","12.2 %","23.3 %",".195",".339",".277",".373",".472",".363","130","12.3","90.4","-5.4","15.6","2967"
"Matt Chapman","Athletics","385","1612","74","241","199","2","10.1 %","23.9 %",".243",".301",".257",".341",".500",".355","127","5.5","59.1","40.8","15.5","16505"
"Trevor Story","Rockies","544","2282","123","334","347","65","8.3 %","29.1 %",".261",".347",".276",".341",".537",".367","114","10.5","49.2","31.7","15.4","12564"
"Cody Bellinger","Dodgers","450","1840","111","292","288","39","12.4 %","22.0 %",".282",".305",".278",".368",".559",".380","140","7.5","103.8","-7.5","15.4","15998"
"Brett Gardner","Yankees","731","3131","84","451","289","85","10.4 %","18.5 %",".156",".293",".255",".339",".411",".326","104","32.0","46.0","-0.8","15.3","9927"
"Starling Marte","Pirates","636","2693","78","381","312","156","4.8 %","18.3 %",".165",".333",".290",".340",".455",".340","113","13.6","56.8","5.9","15.1","9241"
"Andrew McCutchen","- - -","680","2954","105","394","357","44","12.8 %","20.0 %",".188",".310",".269",".368",".456",".354","123","-7.4","75.4","-24.0","14.9","9847"
"Kevin Kiermaier","Rays","571","2217","58","277","200","84","6.6 %","20.9 %",".164",".293",".247",".305",".411",".307","94","21.2","5.0","63.5","14.7","11038"
"Javier Baez","Cubs","613","2244","101","319","334","55","4.7 %","26.7 %",".220",".346",".281",".319",".500",".340","111","12.1","41.7","32.7","14.7","12979"
"Carlos Santana","- - -","785","3386","134","443","430","27","15.2 %","15.2 %",".204",".263",".252",".367",".456",".353","119","2.1","81.0","-50.9","14.5","2396"
"Adam Eaton","- - -","579","2528","50","371","210","59","9.4 %","17.2 %",".141",".336",".287",".368",".428",".347","117","16.8","67.9","-9.5","14.5","11205"
"Eugenio Suarez","Reds","714","2925","143","373","407","23","9.8 %","24.9 %",".218",".316",".267",".347",".486",".354","117","-13.8","50.9","0.5","14.5","12552"
"Trea Turner","Nationals","482","2124","63","332","216","159","7.5 %","18.6 %",".176",".338",".291",".348",".467",".348","113","28.2","64.0","10.7","14.3","16252"
"Edwin Encarnacion","- - -","709","3060","185","444","538","10","12.7 %","19.7 %",".261",".264",".258",".358",".519",".370","133","-16.6","103.9","-67.7","14.3","2151"
"Marcell Ozuna","- - -","708","2958","122","364","421","18","8.0 %","20.0 %",".188",".309",".274",".334",".462",".339","114","1.1","53.1","-5.9","14.2","10324"
"Brandon Crawford","Giants","740","2908","72","311","358","23","8.3 %","20.2 %",".154",".298",".254",".320",".408",".310","95","-1.0","-22.5","66.4","14.0","5343"
"Jean Segura","- - -","708","3094","59","409","282","110","4.8 %","13.5 %",".129",".324",".292",".333",".421",".325","102","13.6","20.1","18.7","14.0","5933"
"Michael Conforto","Mets","578","2268","109","308","310","14","12.3 %","24.2 %",".229",".294",".253",".353",".481",".353","125","6.1","76.7","-10.2","14.0","16376"
"Tyler Flowers","- - -","461","1662","48","159","193","0","8.8 %","27.6 %",".149",".330",".250",".339",".399",".322","99","-7.4","-9.6","94.0","14.0","9134"
"Ian Kinsler","- - -","661","2782","84","395","278","56","7.3 %","14.3 %",".160",".282",".262",".323",".423",".322","101","3.6","5.4","36.2","13.9","6195"
"Adrian Beltre","Rangers","509","2129","82","268","323","4","7.6 %","13.1 %",".191",".302",".292",".349",".484",".354","116","-3.1","38.6","23.1","13.7","639"
"Todd Frazier","- - -","710","2891","141","362","389","42","9.7 %","22.2 %",".217",".253",".233",".317",".450",".328","107","-3.7","19.1","19.1","13.6","785"
"Jackie Bradley Jr.","Red Sox","654","2534","87","340","314","45","9.5 %","24.8 %",".193",".299",".244",".328",".437",".327","100","16.2","15.6","30.7","13.5","12984"
"Justin Upton","- - -","663","2750","134","380","402","51","10.5 %","28.1 %",".222",".312",".253",".335",".475",".345","119","10.0","71.4","-32.9","13.3","5222"
"Evan Longoria","- - -","730","3052","113","336","380","15","6.7 %","19.6 %",".187",".291",".262",".314",".449",".323","104","0.9","15.8","13.0","13.3","9368"
"Joc Pederson","Dodgers","687","2341","123","323","287","16","12.1 %","24.1 %",".245",".261",".234",".339",".479",".348","120","2.1","61.4","-7.2","13.1","11899"
"A.J. Pollock","- - -","480","1987","72","303","241","81","7.4 %","17.2 %",".200",".307",".280",".339",".481",".348","115","16.3","51.3","10.5","12.9","9256"
"Jason Kipnis","Indians","655","2814","79","337","309","47","8.7 %","18.6 %",".169",".297",".261",".330",".430",".326","101","10.2","10.9","18.0","12.8","9776"
"Daniel Murphy","- - -","639","2542","87","334","390","13","6.7 %","11.3 %",".198",".318",".307",".355",".505",".360","121","-1.5","65.4","-20.7","12.8","4316"
"Brandon Belt","Giants","665","2734","84","339","304","20","13.1 %","23.2 %",".190",".317",".258",".359",".448",".347","119","-0.6","63.9","-26.6","12.7","10264"
"Jose Abreu","White Sox","756","3284","143","403","504","7","5.9 %","19.6 %",".213",".322",".288",".343",".501",".354","125","-15.5","83.5","-70.4","12.7","15676"
"Michael Brantley","- - -","529","2282","63","297","309","42","8.5 %","10.2 %",".167",".319",".307",".368",".473",".358","125","7.2","75.8","-28.8","12.6","4106"
"Kolten Wong","Cardinals","654","2341","40","267","223","60","8.1 %","15.0 %",".129",".300",".266",".343",".395",".319","100","16.1","16.5","32.4","12.5","12532"
"Russell Martin","- - -","530","2008","72","253","231","8","12.6 %","23.9 %",".167",".266",".224",".336",".391",".321","101","-11.8","-11.3","65.3","12.5","4616"
"Ender Inciarte","- - -","642","2747","35","364","216","94","7.1 %","12.6 %",".108",".320",".287",".341",".395",".320","96","18.6","4.4","29.4","12.3","4922"
"Cesar Hernandez","Phillies","732","3026","45","377","239","79","10.1 %","18.5 %",".110",".336",".278",".355",".388",".325","100","6.3","8.0","17.7","12.3","10556"
"Whit Merrifield","Royals","546","2404","49","317","241","107","6.4 %","16.6 %",".149",".340",".296",".344",".445",".337","109","17.0","43.0","-3.0","12.3","11281"
"Yoenis Cespedes","- - -","410","1697","92","239","262","13","7.2 %","21.2 %",".249",".314",".285",".341",".534",".366","133","5.1","73.6","-10.9","12.1","13110"
"Asdrubal Cabrera","- - -","697","2765","93","334","345","18","8.0 %","18.6 %",".179",".303",".269",".332",".448",".333","109","-16.2","14.6","13.6","12.0","4962"
"Yadier Molina","Cardinals","655","2609","60","250","332","25","5.8 %","12.3 %",".133",".295",".277",".323",".411",".315","97","-21.7","-32.1","65.6","11.9","7007"
"Mike Moustakas","- - -","617","2544","130","306","362","8","7.4 %","15.1 %",".227",".265",".264",".325",".491",".343","113","-16.1","25.4","6.8","11.8","4892"
"Ketel Marte","- - -","546","2176","54","275","219","38","8.2 %","15.1 %",".166",".313",".282",".342",".448",".337","109","6.0","33.4","14.1","11.8","13613"
"David Peralta","Diamondbacks","582","2314","77","289","294","23","7.7 %","19.6 %",".192",".337",".290",".350",".482",".354","117","4.8","53.4","-13.0","11.7","2136"
"Francisco Cervelli","- - -","464","1771","28","183","176","10","11.2 %","20.1 %",".116",".327",".265",".362",".380",".330","106","-6.0","6.8","48.9","11.6","5275"
"Kevin Pillar","- - -","762","3031","71","355","298","82","4.0 %","15.1 %",".145",".288",".262",".298",".408",".301","87","21.4","-26.1","38.5","11.6","12434"
"Jason Heyward","- - -","696","2761","60","344","287","47","9.5 %","15.2 %",".135",".292",".261",".334",".396",".317","97","14.9","2.2","22.6","11.6","4940"
"Gary Sanchez","Yankees","372","1576","105","226","262","4","9.5 %","25.2 %",".271",".264",".246",".328",".518",".354","123","-4.0","40.0","19.9","11.4","11442"
"Ryan Braun","Brewers","648","2512","114","354","366","74","8.2 %","19.1 %",".220",".310",".281",".345",".502",".357","121","0.2","64.3","-32.5","11.4","3410"
"Kole Calhoun","Angels","760","3196","115","409","360","21","9.6 %","22.2 %",".175",".283",".244",".321",".419",".318","101","2.1","7.3","-4.5","11.3","11200"
"Ben Zobrist","- - -","587","2358","53","319","257","14","12.3 %","12.4 %",".149",".291",".271",".362",".420",".340","112","-2.3","30.0","3.4","11.2","7435"
"Aaron Hicks","- - -","504","1948","73","265","231","38","12.1 %","19.7 %",".180",".273",".245",".337",".425",".330","106","9.5","25.0","19.4","11.2","5297"
"Odubel Herrera","Phillies","631","2492","60","294","233","56","6.9 %","21.8 %",".146",".339",".276",".333",".423",".326","102","7.8","12.1","14.4","10.8","11476"
"Eduardo Escobar","- - -","670","2652","97","311","370","15","6.9 %","19.3 %",".197",".291",".261",".314",".458",".325","101","2.8","6.3","12.4","10.7","6153"
"Elvis Andrus","Rangers","709","2994","53","378","324","110","6.4 %","13.7 %",".130",".308",".279",".326",".408",".316","89","15.7","-23.0","27.1","10.7","8709"
"Dexter Fowler","- - -","639","2640","75","363","256","53","12.8 %","22.6 %",".171",".300",".246",".350",".418",".334","108","9.9","37.9","-18.3","10.5","4062"
"Paul DeJong","Cardinals","382","1597","74","220","211","11","7.5 %","24.8 %",".216",".292",".251",".318",".467",".332","107","2.6","17.5","36.5","10.5","18015"
"Eddie Rosario","Twins","640","2599","106","369","346","36","4.4 %","19.4 %",".200",".310",".279",".309",".479",".330","105","16.2","33.6","-19.3","10.5","12155"
"Ozzie Albies","Braves","375","1630","54","241","186","37","6.8 %","16.2 %",".194",".307",".279",".332",".473",".340","109","13.1","32.5","18.1","10.3","16556"
"Nicholas Castellanos","- - -","729","3049","109","357","394","9","6.5 %","22.9 %",".207",".335",".280",".330",".487",".345","115","-7.0","51.1","-53.2","10.1","11737"
"Curtis Granderson","- - -","715","2608","107","364","265","23","12.7 %","23.3 %",".209",".266",".231",".335",".440",".333","111","-1.6","32.9","-19.3","10.1","4747"
"Dee Gordon","- - -","640","2702","14","347","163","200","3.5 %","14.1 %",".077",".339",".295",".324",".372",".302","90","26.5","-7.5","14.8","9.8","8203"
"Max Kepler","Twins","553","2229","92","297","280","17","9.9 %","18.2 %",".206",".253",".238",".319",".444",".325","102","6.3","11.6","10.1","9.8","12144"
"Josh Reddick","- - -","673","2598","74","317","299","37","8.3 %","12.9 %",".153",".294",".278",".335",".431",".328","108","9.2","35.2","-28.0","9.7","3892"
"Miguel Cabrera","Tigers","581","2425","87","264","325","1","11.4 %","18.3 %",".178",".337",".297",".379",".475",".362","128","-28.1","50.7","-41.2","9.6","1744"
"Jose Iglesias","- - -","658","2450","28","262","216","46","4.6 %","11.3 %",".102",".299",".273",".313",".375",".298","83","-2.3","-54.2","65.4","9.4","10231"
"Addison Russell","Cubs","615","2212","60","256","253","17","8.4 %","24.1 %",".150",".299",".242",".312",".392",".304","87","6.6","-28.8","50.2","9.4","14106"
"Matt Olson","Athletics","359","1451","89","194","220","2","10.3 %","25.2 %",".258",".285",".254",".343",".512",".359","130","-4.5","49.3","-4.9","9.4","14344"
"Max Muncy","- - -","374","1315","75","203","194","7","15.1 %","25.5 %",".257",".278",".244",".364",".501",".366","132","6.5","60.5","-9.1","9.4","13301"
"Mike Zunino","- - -","494","1707","77","163","199","1","7.3 %","35.4 %",".197",".271",".202",".273",".399",".290","83","-4.7","-39.4","74.2","9.4","13265"
"Ronald Acuna Jr.","Braves","267","1202","67","205","165","53","10.1 %","25.9 %",".246",".343",".285",".365",".532",".376","133","10.8","61.6","-6.4","9.3","18401"
"Randal Grichuk","- - -","632","2360","119","303","315","20","5.8 %","28.3 %",".243",".294",".244",".294",".487",".328","105","3.0","17.0","-4.9","9.2","10243"
"Jason Castro","- - -","425","1507","46","171","143","2","10.9 %","30.5 %",".161",".297",".219",".310",".380",".302","88","-7.5","-28.0","66.4","9.1","8722"
"Travis Shaw","- - -","592","2241","99","273","310","20","10.5 %","23.4 %",".207",".280",".243",".327",".451",".331","103","-1.8","5.9","9.6","9.1","11982"
"Kyle Schwarber","Cubs","492","1884","110","265","255","10","13.0 %","27.9 %",".254",".273",".235",".339",".490",".347","115","0.7","36.9","-7.2","9.1","16478"
"Chris Taylor","- - -","492","1753","51","239","195","37","8.7 %","27.4 %",".188",".341",".260",".330",".449",".332","109","13.4","33.5","0.8","9.1","13757"
"Jed Lowrie","- - -","475","1965","48","229","225","1","10.5 %","17.3 %",".153",".300",".262",".341",".415",".328","109","-2.7","18.5","4.1","9.0","4418"
"Jonathan Schoop","- - -","660","2608","116","330","346","6","4.0 %","22.6 %",".200",".305",".266",".304",".466",".326","103","-9.3","-0.8","1.6","9.0","11265"
"Andrew Benintendi","Red Sox","471","2052","51","275","259","52","10.2 %","18.7 %",".165",".323",".277",".354",".442",".341","109","9.3","31.9","-12.7","9.0","17901"
"David Freese","- - -","584","1963","59","233","243","1","9.2 %","24.5 %",".157",".345",".274",".355",".431",".341","114","-13.0","21.7","3.5","9.0","9549"
"Neil Walker","- - -","603","2288","72","270","259","10","9.8 %","19.0 %",".161",".297",".261",".338",".421",".327","106","0.6","18.0","-3.9","8.9","7539"
"Yoan Moncada","- - -","343","1460","50","190","163","25","9.4 %","31.3 %",".192",".369",".265",".338",".458",".339","114","7.8","34.8","5.1","8.9","17232"
"Marwin Gonzalez","- - -","654","2418","79","279","298","27","7.1 %","21.3 %",".170",".318",".269",".327",".438",".328","108","-5.8","17.5","-12.5","8.8","5497"
"Jonathan Villar","- - -","634","2472","70","324","233","167","8.9 %","26.3 %",".154",".348",".269",".336",".423",".327","102","20.1","24.6","-19.0","8.7","10071"
"Joey Gallo","Rangers","416","1559","110","239","236","18","14.2 %","38.0 %",".304",".275",".212",".331",".516",".355","115","12.1","41.4","-6.9","8.7","14128"
"Dustin Pedroia","Red Sox","361","1620","34","199","179","13","9.3 %","10.8 %",".124",".319",".299",".364",".423",".343","111","-10.1","11.1","18.4","8.7","8370"
"Logan Forsythe","- - -","620","2404","52","276","222","23","10.6 %","22.0 %",".133",".309",".250",".338",".383",".318","99","0.8","-5.0","8.7","8.7","7185"
"Yasiel Puig","- - -","609","2304","97","283","304","57","8.4 %","20.0 %",".199",".294",".264",".330",".462",".336","110","-6.5","23.5","-13.4","8.5","14225"
"Shin-Soo Choo","Rangers","643","2824","96","393","300","43","12.3 %","22.9 %",".176",".323",".265",".369",".440",".352","114","5.2","52.1","-64.9","8.5","3174"
"Juan Soto","Nationals","266","1153","56","187","180","17","16.2 %","20.0 %",".248",".323",".287",".403",".535",".393","143","1.5","65.2","-16.8","8.5","20123"
"Miguel Sano","Twins","486","2051","118","286","315","2","12.0 %","36.3 %",".254",".342",".245",".338",".498",".354","121","-12.0","41.1","-26.9","8.5","12164"
"Martin Maldonado","- - -","517","1758","47","168","152","1","6.9 %","24.1 %",".137",".264",".216",".289",".353",".278","72","-10.0","-70.9","95.2","8.4","6887"
"Brian McCann","- - -","510","1958","83","221","282","2","9.9 %","17.7 %",".178",".248",".237",".323",".415",".319","99","-13.5","-16.5","33.0","8.4","4810"
"Mitch Haniger","- - -","350","1499","62","203","189","17","9.5 %","23.3 %",".212",".317",".267",".348",".480",".352","124","-2.5","41.7","-9.4","8.4","14274"
"Willson Contreras","Cubs","436","1664","67","190","227","12","9.7 %","23.3 %",".203",".319",".267",".350",".470",".350","117","-12.1","23.9","5.9","8.3","11609"
"Howie Kendrick","- - -","515","1902","47","247","209","31","6.9 %","17.0 %",".148",".341",".297",".350",".445",".341","113","-0.8","31.2","-10.9","8.1","4229"
"Corey Dickerson","- - -","576","2223","86","269","277","13","5.2 %","21.5 %",".213",".328",".282",".321",".495",".342","114","-6.0","32.2","-25.4","8.1","10762"
"Freddy Galvis","- - -","780","3135","75","324","315","53","5.5 %","20.5 %",".135",".299",".253",".296",".388",".293","81","5.6","-69.3","47.0","8.0","6609"
"Joe Panik","- - -","609","2414","37","274","215","20","8.4 %","9.1 %",".119",".280",".267",".333",".386",".311","96","-3.3","-18.5","18.6","7.9","11936"
"Khris Davis","- - -","708","2889","183","389","474","11","9.2 %","27.8 %",".260",".273",".242",".317",".502",".345","119","-12.5","53.4","-73.8","7.9","9112"
"Roberto Perez","Indians","385","1317","44","128","158","1","11.2 %","28.5 %",".165",".272",".212",".305",".377",".297","80","-7.4","-39.9","72.4","7.8","2900"
"Jarrod Dyson","- - -","505","1641","17","227","112","130","8.7 %","15.3 %",".099",".281",".242",".316",".340",".289","78","30.0","-15.3","37.4","7.8","4866"
"Tim Anderson","White Sox","521","2161","64","287","206","68","3.3 %","24.8 %",".158",".345",".276",".303",".435",".313","97","8.4","0.8","2.8","7.8","15172"
"Rafael Devers","Red Sox","335","1432","63","222","211","16","7.3 %","20.7 %",".219",".321",".282",".335",".501",".349","114","4.7","31.1","-1.9","7.7","17350"
"Zack Cozart","- - -","392","1589","54","208","166","10","8.6 %","15.7 %",".186",".269",".253",".322",".438",".325","100","-0.7","-0.6","23.6","7.5","2616"
"Matt Duffy","- - -","418","1707","22","189","161","32","7.0 %","15.9 %",".100",".329",".283",".339",".383",".317","102","-4.1","-0.8","17.3","7.5","13836"
"Byron Buxton","Twins","393","1369","38","185","145","60","6.5 %","29.8 %",".178",".319",".237",".292",".414",".300","84","22.6","-2.9","31.1","7.4","14161"
"Gregory Polanco","Pirates","577","2352","71","299","271","67","8.8 %","19.8 %",".178",".293",".254",".321",".432",".321","101","7.4","8.5","-11.2","7.4","12907"
"Wil Myers","Padres","610","2411","95","316","289","82","10.2 %","27.3 %",".198",".313",".249",".328",".447",".332","108","12.5","35.0","-39.5","7.4","10047"
"Starlin Castro","- - -","730","2984","82","325","342","19","4.8 %","18.0 %",".143",".313",".276",".312",".418",".311","94","-8.4","-28.7","4.4","7.4","4579"
"Adam Jones","- - -","718","3029","113","362","368","16","4.8 %","17.3 %",".170",".297",".272",".313",".443",".322","100","0.0","-1.4","-28.6","7.4","6368"
"David Ortiz","Red Sox","297","1240","75","152","235","2","12.7 %","14.6 %",".293",".288",".294",".381",".587",".399","151","-15.2","59.7","-30.4","7.4","745"
"Stephen Piscotty","- - -","567","2304","78","279","295","16","8.4 %","20.6 %",".183",".307",".265",".336",".447",".336","112","-9.4","24.5","-28.1","7.3","13367"
"Travis d'Arnaud","- - -","361","1327","49","150","185","0","7.4 %","18.7 %",".172",".275",".251",".310",".423",".313","98","-3.7","-8.1","36.1","7.3","7739"
"Enrique Hernandez","Dodgers","600","1726","63","219","193","12","9.6 %","21.1 %",".186",".273",".240",".316",".427",".317","99","7.7","5.3","11.4","7.3","10472"
"Jose Bautista","- - -","548","2268","98","320","296","20","15.3 %","21.6 %",".213",".246",".224",".348",".437",".341","115","-7.8","30.7","-37.3","7.3","1887"
"Eric Hosmer","- - -","795","3349","108","420","459","25","8.5 %","19.4 %",".163",".323",".280",".342",".442",".335","109","-10.0","27.3","-67.3","7.3","3516"
"Rhys Hoskins","Phillies","363","1577","81","212","229","9","15.2 %","23.4 %",".255",".266",".239",".364",".494",".363","125","1.3","51.5","-30.7","7.1","16472"
"Brandon Nimmo","Mets","310","1084","31","149","103","14","15.2 %","26.8 %",".186",".342",".254",".387",".440",".361","130","5.2","45.3","-9.5","7.1","12927"
"Wilson Ramos","- - -","575","2191","77","209","326","1","6.5 %","16.7 %",".159",".305",".279",".325",".438",".325","103","-28.4","-18.1","18.0","7.1","1433"
"Billy Hamilton","- - -","644","2456","15","325","127","230","7.6 %","21.2 %",".079",".304",".239",".297",".318",".272","64","49.9","-60.4","50.4","7.1","10199"
"Jorge Polanco","Twins","436","1863","45","230","223","29","7.8 %","16.3 %",".162",".316",".280",".339",".443",".333","107","4.0","19.8","-13.3","7.0","13152"
"Christian Vazquez","Red Sox","374","1319","32","154","132","15","5.5 %","18.6 %",".136",".299",".259",".304",".395",".299","80","-9.7","-41.3","66.5","7.0","9774"
"Cameron Maybin","- - -","560","2049","39","273","197","90","9.8 %","20.1 %",".121",".324",".267",".340",".388",".319","100","8.4","9.8","-9.5","6.9","5223"
"Jake Lamb","Diamondbacks","541","2083","77","268","291","17","11.8 %","25.1 %",".201",".295",".242",".336",".444",".332","101","8.0","10.4","-11.8","6.6","13329"
"Carlos Gonzalez","- - -","616","2444","98","338","328","12","8.3 %","22.3 %",".201",".318",".273",".333",".474",".342","99","2.0","-1.9","-12.6","6.6","7287"
"Scooter Gennett","- - -","587","2207","72","281","285","16","5.6 %","20.9 %",".168",".330",".281",".326",".450",".331","103","-2.6","5.7","-11.4","6.6","10339"
"Jedd Gyorko","- - -","568","1880","79","199","239","10","8.7 %","21.8 %",".183",".284",".251",".318",".435",".324","103","-9.3","-1.4","5.6","6.5","10816"
"Brian Anderson","Marlins","307","1285","31","155","139","7","9.0 %","21.1 %",".158",".325",".267",".349",".425",".335","112","-0.6","18.5","5.3","6.5","18289"
"Rougned Odor","Rangers","706","2869","127","375","380","58","5.9 %","23.7 %",".208",".270",".238",".292",".445",".312","86","9.9","-39.2","2.3","6.3","12282"
"Jonathan Lucroy","- - -","595","2222","49","234","251","7","8.3 %","14.9 %",".133",".289",".262",".327",".395",".312","91","-17.5","-42.4","30.3","6.3","7870"
"Derek Dietrich","- - -","615","2022","65","246","207","4","7.3 %","22.8 %",".182",".303",".252",".342",".433",".334","110","0.0","25.1","-26.9","6.3","10542"
"Justin Smoak","Blue Jays","684","2400","117","283","321","1","12.7 %","24.5 %",".222",".272",".237",".338",".459",".341","114","-18.9","22.9","-42.2","6.3","9054"
"Mark Canha","Athletics","445","1624","67","221","200","13","8.7 %","22.6 %",".201",".288",".249",".333",".450",".336","114","-0.6","27.9","-20.4","6.2","11445"
"Yuli Gurriel","Astros","455","1886","65","237","279","14","4.6 %","10.7 %",".185",".298",".293",".330",".478",".341","117","-5.7","33.9","-35.8","6.2","19198"
"Avisail Garcia","- - -","622","2530","82","308","311","29","6.1 %","23.5 %",".159",".332",".273",".325",".432",".324","104","-7.4","7.2","-30.3","6.2","5760"
"Nick Markakis","Braves","752","3214","47","355","373","5","10.2 %","13.5 %",".118",".319",".284",".359",".403",".329","103","-10.7","1.2","-43.6","6.1","5930"
"Alex Gordon","Royals","671","2670","65","287","263","34","9.3 %","22.1 %",".134",".294",".242",".329",".376",".308","90","-1.6","-36.1","3.8","6.0","5209"
"Chase Headley","- - -","470","1817","37","211","178","17","9.2 %","22.3 %",".121",".317",".256",".331",".377",".311","93","5.0","-9.4","4.9","5.8","4720"
"Steven Souza Jr.","- - -","450","1783","68","216","196","41","10.6 %","31.2 %",".183",".317",".235",".324",".417",".323","104","11.0","19.6","-22.4","5.8","5667"
"Jake Marisnick","Astros","580","1495","50","216","154","59","5.8 %","30.6 %",".173",".301",".227",".283",".400",".293","85","11.2","-15.7","21.3","5.7","11339"
"Adam Frazier","Pirates","452","1574","28","208","149","19","7.4 %","13.4 %",".140",".311",".279",".342",".420",".327","103","4.9","9.8","-3.1","5.7","15223"
"Austin Hedges","Padres","377","1268","46","108","140","8","6.2 %","28.9 %",".159",".247",".201",".257",".360",".263","62","-2.0","-63.5","79.7","5.7","12976"
"Aledmys Diaz","- - -","389","1460","51","193","180","13","7.1 %","13.2 %",".185",".285",".275",".330",".459",".334","110","-7.8","9.4","-1.0","5.7","15937"
"Gleyber Torres","Yankees","267","1088","62","150","167","11","8.3 %","23.1 %",".235",".307",".275",".338",".511",".354","123","-1.5","30.1","-10.5","5.6","16997"
"Adeiny Hechavarria","- - -","560","1936","31","211","180","17","5.1 %","16.7 %",".111",".292",".255",".293",".365",".282","77","2.6","-52.6","45.0","5.6","10459"
"Troy Tulowitzki","- - -","330","1351","49","148","176","2","7.4 %","19.2 %",".167",".294",".263",".322",".430",".323","98","-9.7","-12.5","20.9","5.5","3531"
"Denard Span","- - -","470","1955","39","244","176","44","8.6 %","12.9 %",".139",".296",".271",".338",".410",".325","104","6.9","17.1","-26.1","5.5","8347"
"Martin Prado","Marlins","477","1825","22","177","183","4","6.3 %","12.9 %",".096",".309",".278",".325",".374",".303","91","-7.4","-28.0","22.0","5.4","3312"
"Adam Duvall","- - -","513","1884","94","234","291","13","6.9 %","27.4 %",".232",".274",".234",".295",".466",".320","95","5.3","-6.5","-0.7","5.3","10950"
"Robinson Chirinos","- - -","450","1615","71","205","215","4","10.7 %","27.9 %",".218",".291",".234",".340",".452",".341","110","-10.8","8.5","-10.3","5.3","3142"
"Trey Mancini","Orioles","462","1916","86","243","238","2","7.3 %","22.9 %",".209",".320",".276",".335",".485",".346","115","-2.6","34.2","-46.4","5.2","15149"
"Miguel Rojas","Marlins","558","1731","19","173","156","19","6.1 %","11.9 %",".090",".298",".270",".321",".360",".295","85","-8.6","-41.2","37.5","5.2","7802"
"Wilmer Flores","- - -","565","1921","70","209","248","2","5.4 %","12.4 %",".173",".280",".274",".317",".447",".326","106","-13.6","1.0","-11.5","5.1","5827"
"Eric Thames","Brewers","383","1288","72","191","161","14","12.0 %","31.1 %",".263",".305",".241",".343",".504",".355","118","2.8","32.4","-23.9","5.0","3711"
"Jordy Mercer","- - -","601","2279","43","219","212","6","7.6 %","17.0 %",".126",".293",".254",".316",".381",".297","84","3.0","-41.4","17.2","5.0","6547"
"Yan Gomes","- - -","483","1829","63","191","226","2","6.1 %","26.0 %",".168",".278",".228",".287",".397",".293","77","-4.3","-54.5","42.5","4.9","9627"
"Mallex Smith","- - -","428","1607","13","196","111","118","8.2 %","21.7 %",".107",".333",".259",".330",".367",".306","93","18.6","3.1","-9.1","4.9","13608"
"Brad Miller","- - -","560","1929","70","207","221","26","10.1 %","25.2 %",".190",".292",".241",".318",".431",".322","103","0.2","8.0","-25.0","4.9","12775"
"Jung Ho Kang","Pirates","297","1028","46","120","144","8","7.3 %","23.2 %",".212",".294",".254",".331",".466",".342","116","-0.5","18.0","-4.2","4.9","17182"
"Eduardo Nunez","- - -","514","1966","44","225","209","84","4.0 %","13.6 %",".134",".307",".282",".313",".416",".313","92","-1.4","-20.3","1.9","4.9","6848"
"Lonnie Chisenhall","Indians","343","1145","28","126","163","13","6.9 %","18.0 %",".161",".318",".276",".330",".437",".328","102","9.0","11.9","-3.2","4.9","7571"
"Domingo Santana","- - -","486","1817","75","226","232","30","10.7 %","31.5 %",".196",".358",".262",".346",".458",".344","114","5.0","36.4","-48.1","4.9","10348"
"Ian Happ","Cubs","315","1031","50","143","142","18","12.0 %","32.5 %",".230",".329",".246",".340",".476",".343","112","-0.8","15.2","-0.1","4.8","17919"
"Nick Ahmed","Diamondbacks","588","2134","54","239","227","25","6.8 %","18.7 %",".154",".269",".237",".291",".391",".291","76","3.5","-59.5","39.8","4.8","12147"
"Devon Travis","Blue Jays","316","1245","35","155","153","14","4.9 %","18.6 %",".163",".315",".274",".314",".437",".322","102","3.1","5.8","-1.2","4.8","13862"
"Brandon Phillips","- - -","442","1838","37","228","196","48","3.8 %","11.8 %",".119",".310",".288",".321",".407",".314","93","-2.3","-18.5","6.5","4.8","791"
"Delino DeShields","Rangers","539","1936","18","288","126","106","10.0 %","23.1 %",".096",".322",".246",".326",".342",".297","76","27.9","-28.0","9.6","4.8","11379"
"Matt Joyce","- - -","586","1605","57","206","169","5","14.2 %","21.5 %",".184",".268",".233",".345",".417",".331","108","-2.0","15.4","-19.9","4.8","3353"
"Yolmer Sanchez","White Sox","618","2334","31","239","209","29","6.5 %","21.0 %",".116",".302",".244",".300",".360",".287","79","-1.5","-59.6","27.8","4.7","11602"
"Josh Harrison","- - -","506","2034","33","231","179","48","4.4 %","16.3 %",".119",".306",".267",".312",".386",".302","87","9.0","-23.2","4.5","4.7","8202"
"Joe Mauer","Twins","560","2382","34","270","234","6","11.0 %","15.7 %",".113",".323",".278",".358",".391",".326","103","-11.7","-3.3","-29.9","4.7","1857"
"C.J. Cron","- - -","594","2281","103","246","328","9","5.7 %","22.1 %",".205",".292",".259",".314",".464",".330","109","-11.2","13.1","-44.6","4.7","12546"
"Yunel Escobar","- - -","360","1539","21","186","126","3","7.4 %","12.2 %",".101",".334",".300",".357",".402",".333","110","-17.1","1.1","-6.5","4.7","4191"
"Colby Rasmus","- - -","299","1080","50","127","139","7","9.3 %","31.4 %",".204",".288",".226",".299",".430",".313","99","6.6","5.5","3.5","4.7","9893"
"Hunter Pence","- - -","472","1768","57","215","247","18","7.7 %","21.1 %",".165",".317",".270",".327",".435",".326","103","4.5","11.4","-22.5","4.6","8252"
"Jose Martinez","Cardinals","398","1288","41","160","172","7","9.2 %","19.2 %",".161",".346",".298",".363",".458",".353","122","-1.7","33.8","-29.2","4.6","7996"
"Jorge Soler","- - -","445","1714","81","205","229","9","10.3 %","27.4 %",".220",".309",".252",".337",".472",".342","113","-1.8","27.0","-37.3","4.6","14221"
"Evan Gattis","Astros","493","1879","96","214","293","3","6.6 %","21.1 %",".226",".261",".245",".298",".471",".324","107","-9.9","5.5","-23.0","4.6","11003"
"Leonys Martin","- - -","436","1641","43","192","133","56","7.3 %","24.7 %",".132",".284",".229",".291",".362",".284","76","9.0","-39.7","28.1","4.6","11846"
"Jacoby Ellsbury","Yankees","371","1536","23","202","128","63","8.5 %","15.2 %",".110",".299",".261",".331",".372",".308","91","10.2","-5.8","-2.2","4.5","4727"
"Derek Norris","- - -","325","1213","37","136","128","14","6.8 %","26.2 %",".153",".269",".218",".279",".372",".281","77","-0.3","-35.1","39.3","4.5","6867"
"Amed Rosario","Mets","357","1417","28","167","133","50","4.4 %","20.6 %",".136",".325",".270",".305",".406",".302","91","6.2","-10.3","10.0","4.5","15518"
"Mitch Moreland","- - -","643","2388","101","278","350","5","8.7 %","22.0 %",".203",".285",".251",".321",".454",".330","101","-10.0","-6.4","-31.1","4.5","3086"
"Greg Garcia","- - -","529","1214","14","134","87","6","13.0 %","20.3 %",".096",".314",".250",".359",".345",".315","96","4.2","-1.9","7.3","4.4","10951"
"Omar Narvaez","- - -","353","1216","34","129","109","0","11.3 %","17.8 %",".136",".317",".276",".361",".411",".336","113","-6.6","12.8","-10.1","4.4","13338"
"Brock Holt","Red Sox","483","1659","19","200","163","22","9.5 %","19.2 %",".108",".330",".270",".346",".378",".318","95","0.1","-10.3","-3.2","4.4","9345"
"Manuel Margot","Padres","428","1526","33","166","130","50","6.9 %","18.9 %",".146",".289",".248",".301",".394",".297","84","5.1","-25.5","20.1","4.3","14712"
"Tim Beckham","- - -","468","1743","63","200","197","13","6.4 %","29.0 %",".183",".321",".248",".301",".431",".313","96","-4.8","-12.4","-4.1","4.3","7949"
"Hunter Renfroe","Padres","390","1450","89","176","204","10","7.2 %","28.1 %",".259",".265",".235",".294",".494",".328","105","-0.5","7.4","-12.2","4.2","15464"
"Michael A. Taylor","Nationals","519","1662","47","188","163","77","6.9 %","31.4 %",".153",".332",".241",".294",".394",".294","79","12.0","-30.0","19.2","4.2","11489"
"Jurickson Profar","- - -","397","1489","45","190","169","22","9.5 %","16.0 %",".171",".254",".235",".319",".405",".313","91","4.9","-12.3","2.8","4.2","10815"
"Justin Bour","- - -","520","1867","91","196","292","3","11.2 %","22.9 %",".210",".283",".251",".336",".462",".338","114","-19.3","12.9","-32.1","4.1","9744"
"Ryan Zimmerman","Nationals","491","1946","86","246","305","7","7.9 %","20.7 %",".212",".288",".261",".320",".473",".336","106","2.5","17.4","-38.6","4.1","4220"
"Dansby Swanson","Braves","445","1774","40","207","192","26","9.4 %","22.5 %",".140",".301",".245",".318",".385",".298","81","9.8","-32.8","14.8","3.9","18314"
"Johan Camargo","Braves","314","1028","30","124","135","2","7.6 %","19.6 %",".169",".313",".269",".328",".438",".326","100","-1.9","-2.4","7.4","3.9","14950"
"Cory Spangenberg","- - -","399","1315","27","147","110","30","7.4 %","27.4 %",".131",".342",".254",".315",".386",".304","90","13.0","-3.4","-1.0","3.9","12294"
"Jesus Aguilar","- - -","429","1272","63","159","212","0","9.9 %","25.6 %",".222",".305",".260",".337",".482",".346","114","-5.8","15.9","-19.2","3.9","11342"
"Alex Avila","- - -","379","1239","41","116","117","1","17.2 %","34.1 %",".160",".318",".215",".352",".375",".321","99","-10.5","-12.0","10.1","3.9","7476"
"Chris Davis","Orioles","678","2733","139","330","347","6","11.5 %","34.9 %",".214",".283",".214",".311",".427",".317","97","0.8","-10.6","-46.8","3.8","9272"
"Josh Bell","Pirates","495","1968","78","261","287","4","12.1 %","18.2 %",".212",".290",".265",".354",".477",".350","118","-16.5","28.9","-53.4","3.8","13145"
"Maikel Franco","Phillies","640","2481","102","274","338","3","6.9 %","15.2 %",".185",".259",".251",".305",".436",".311","91","-11.5","-40.9","-2.4","3.8","12179"
"Jay Bruce","- - -","642","2549","130","302","383","17","8.6 %","22.2 %",".235",".255",".237",".303",".472",".325","103","-7.1","3.5","-47.5","3.7","9892"
"Luis Valbuena","- - -","435","1524","69","165","194","5","10.6 %","25.8 %",".200",".254",".220",".306",".420",".313","98","-5.8","-9.2","-5.6","3.7","4969"
"Yangervis Solarte","- - -","539","2110","65","226","259","6","6.4 %","12.7 %",".160",".268",".257",".310",".417",".313","96","-15.2","-25.5","-7.5","3.6","5352"
"Chase Utley","- - -","459","1528","31","177","139","15","7.9 %","17.7 %",".140",".267",".233",".309",".373",".298","86","7.5","-18.1","4.2","3.5","1679"
"Lucas Duda","- - -","455","1703","82","179","225","1","10.6 %","26.0 %",".226",".266",".229",".323",".455",".331","109","-9.3","9.3","-31.9","3.5","2502"
"Carlos Gomez","- - -","490","1863","54","209","202","64","6.9 %","26.7 %",".159",".303",".236",".311",".395",".308","91","7.4","-13.8","-14.7","3.4","4881"
"Danny Valencia","- - -","444","1677","59","213","211","6","7.9 %","22.1 %",".172",".323",".274",".331",".446",".333","110","-15.8","4.7","-29.2","3.4","6364"
"Eric Sogard","- - -","379","1255","17","143","97","20","9.4 %","13.8 %",".104",".292",".259",".334",".363",".305","89","5.8","-10.3","2.7","3.4","7927"
"Brandon Guyer","- - -","403","1143","26","138","107","16","6.5 %","18.1 %",".144",".290",".249",".346",".393",".328","106","-2.9","4.4","-10.5","3.4","2636"
"Ben Gamel","- - -","402","1256","20","161","116","13","9.0 %","24.1 %",".124",".342",".263",".333",".387",".313","96","7.5","0.2","-8.9","3.3","12160"
"Jose Reyes","- - -","431","1610","34","207","151","62","7.5 %","14.2 %",".143",".275",".250",".307",".392",".302","88","8.9","-14.9","-4.6","3.2","1736"
"Chris Iannetta","- - -","437","1495","51","145","158","0","12.3 %","26.4 %",".172",".272",".219",".323",".392",".311","88","-12.8","-34.5","17.0","3.2","8267"
"Nori Aoki","- - -","321","1233","14","153","89","31","7.5 %","9.2 %",".105",".303",".282",".346",".387",".322","105","-4.7","2.4","-12.4","3.2","13075"
"Seth Smith","- - -","384","1263","41","166","137","2","10.4 %","21.1 %",".180",".293",".251",".338",".431",".331","110","-7.2","8.0","-20.1","3.2","7331"
"Ian Desmond","- - -","707","2792","90","369","341","72","7.2 %","25.0 %",".167",".316",".256",".313",".423",".316","86","10.0","-37.4","-23.0","3.2","6885"
"Jeimer Candelario","- - -","281","1161","30","129","102","6","10.7 %","25.3 %",".152",".282",".223",".318",".375",".304","88","2.3","-15.6","5.9","3.0","13621"
"Carlos Beltran","- - -","413","1633","62","190","211","1","6.9 %","17.6 %",".190",".293",".269",".320",".459",".331","107","-5.7","7.2","-34.0","3.0","589"
"Logan Morrison","- - -","526","1907","86","213","224","15","10.6 %","21.4 %",".201",".247",".226",".316",".427",".319","102","-0.7","4.5","-38.6","3.0","9205"
"Steve Pearce","- - -","374","1325","53","159","163","1","9.1 %","19.8 %",".194",".280",".252",".330",".446",".334","109","-0.9","12.7","-29.1","3.0","9957"
"Stephen Vogt","- - -","471","1626","54","167","207","3","8.1 %","18.6 %",".182",".281",".253",".314",".435",".318","100","-5.2","-5.8","-19.9","2.9","5000"
"Adrian Gonzalez","- - -","437","1715","55","174","236","0","8.6 %","17.6 %",".163",".301",".270",".335",".433",".328","109","-15.9","0.4","-26.9","2.9","1908"
"Welington Castillo","- - -","440","1632","71","163","234","3","6.4 %","26.3 %",".189",".305",".253",".306",".442",".319","96","-14.9","-23.0","-2.0","2.9","3256"
"Salvador Perez","Royals","539","2142","97","218","294","3","3.2 %","18.9 %",".196",".268",".252",".284",".448",".310","92","-20.0","-41.4","-2.2","2.9","7304"
"Yonder Alonso","- - -","667","2364","73","272","274","7","10.4 %","18.3 %",".156",".284",".253",".332",".409",".320","101","-12.6","-11.3","-40.8","2.8","2530"
"Robbie Grossman","- - -","509","1846","32","225","173","14","13.3 %","19.6 %",".126",".310",".255",".357",".381",".326","104","-2.8","5.1","-41.1","2.7","5254"
"Chad Pinder","Athletics","343","1067","42","128","120","2","6.4 %","26.4 %",".187",".299",".245",".303",".432",".313","98","-4.8","-7.7","-2.4","2.7","15191"
"Keon Broxton","- - -","376","1026","39","136","95","60","10.4 %","38.6 %",".179",".317",".209",".297",".388",".297","81","5.6","-20.2","12.4","2.7","9253"
"Scott Schebler","- - -","379","1378","61","171","167","13","8.3 %","23.4 %",".203",".274",".240",".318",".443",".325","98","0.8","-3.4","-15.4","2.6","12225"
"Austin Jackson","- - -","391","1423","19","155","133","25","7.4 %","25.4 %",".114",".359",".270",".326",".384",".310","95","0.4","-8.2","-13.5","2.6","9848"
"Tucker Barnhart","Reds","569","2003","38","165","199","6","10.0 %","18.2 %",".123",".296",".252",".330",".375",".303","84","-19.3","-58.5","20.2","2.5","10200"
"Rajai Davis","- - -","493","1473","27","222","112","111","6.4 %","21.6 %",".132",".298",".243",".297",".376",".293","80","18.1","-18.4","-6.8","2.5","3708"
"Adam Lind","- - -","391","1303","54","159","204","1","9.2 %","18.1 %",".192",".294",".270",".336",".462",".338","111","-7.4","10.4","-28.9","2.5","8027"
"Leury Garcia","White Sox","345","1284","22","163","111","38","3.5 %","23.1 %",".114",".344",".272",".307",".386",".298","86","6.8","-15.0","-4.6","2.4","5913"
"Jon Jay","- - -","500","1819","8","225","119","12","6.4 %","17.5 %",".076",".332",".271",".337",".348",".303","87","2.8","-25.3","-10.1","2.4","5227"
"Tony Wolters","Rockies","349","1123","7","118","115","6","10.3 %","18.6 %",".085",".295",".239",".327",".324",".285","59","0.1","-58.8","45.6","2.4","11470"
"James McCann","- - -","561","2122","58","195","237","5","5.7 %","25.5 %",".140",".311",".247",".297",".387",".296","83","-14.7","-58.0","10.5","2.3","12859"
"Jose Peraza","- - -","520","1885","28","200","154","77","4.0 %","12.6 %",".101",".301",".273",".312",".374",".297","79","7.4","-42.7","4.3","2.3","13593"
"Juan Lagares","Mets","479","1246","17","146","98","25","5.3 %","20.4 %",".109",".303",".248",".294",".357",".281","77","4.5","-31.7","14.5","2.3","5384"
"Matt Adams","- - -","541","1550","82","181","256","1","6.8 %","25.7 %",".225",".282",".247",".301",".472",".324","100","-3.5","-4.3","-22.7","2.3","9393"
"Caleb Joseph","- - -","340","1083","22","109","97","2","5.1 %","23.1 %",".122",".280",".227",".272",".349",".270","65","-1.8","-47.8","32.8","2.2","7087"
"Kurt Suzuki","- - -","508","1858","61","190","262","0","5.7 %","12.1 %",".163",".267",".261",".318",".424",".318","95","-7.6","-17.3","-21.6","2.1","8259"
"Albert Almora Jr.","Cubs","461","1282","28","156","133","4","5.0 %","17.0 %",".129",".312",".274",".311",".403",".304","87","-5.6","-27.7","6.9","2.1","14109"
"Teoscar Hernandez","- - -","327","1194","60","156","153","11","8.6 %","31.8 %",".240",".303",".237",".304",".476",".328","106","-1.8","7.0","-26.7","2.1","13066"
"Danny Espinosa","- - -","368","1308","43","155","140","18","8.3 %","29.7 %",".154",".274",".211",".294",".365",".285","74","5.8","-35.6","13.1","2.0","9219"
"Sandy Leon","Red Sox","358","1191","24","120","118","1","7.0 %","24.3 %",".115",".282",".223",".283",".339",".272","62","-7.9","-62.7","42.3","2.0","5273"
"Matt Kemp","- - -","591","2355","99","282","362","13","5.9 %","22.8 %",".195",".313",".272",".314",".467",".330","107","-10.7","9.1","-64.7","2.0","5631"
"Mark Trumbo","- - -","549","2204","109","277","284","3","7.0 %","24.6 %",".207",".290",".251",".305",".458",".326","104","-6.4","2.5","-58.6","1.9","6876"
"Alcides Escobar","Royals","612","2504","20","258","190","46","3.9 %","13.9 %",".086",".285",".251",".284",".336",".270","64","9.8","-97.6","31.2","1.9","6310"
"Hernan Perez","- - -","594","1740","45","176","175","68","4.1 %","21.2 %",".139",".301",".254",".284",".393",".289","75","8.1","-45.2","7.8","1.8","5751"
"Matt Holliday","- - -","313","1195","45","125","164","3","11.0 %","21.1 %",".188",".286",".250",".341",".438",".336","110","-8.3","5.8","-26.9","1.8","1873"
"Melky Cabrera","- - -","676","2670","56","289","334","9","6.0 %","11.6 %",".136",".303",".284",".326",".419",".320","100","-14.8","-16.2","-56.0","1.8","4022"
"Kendrys Morales","- - -","645","2537","103","276","353","2","8.9 %","18.8 %",".186",".284",".259",".331",".445",".333","108","-29.0","-4.7","-64.9","1.8","8610"
"Nomar Mazara","Rangers","537","2189","79","253","308","7","7.4 %","21.2 %",".174",".300",".261",".320",".435",".321","92","-6.7","-29.4","-28.3","1.7","14553"
"Pedro Alvarez","- - -","318","1028","58","125","148","3","10.0 %","26.7 %",".234",".274",".240",".316",".474",".335","111","4.0","18.0","-36.1","1.6","2495"
"Jhonny Peralta","Cardinals","258","1011","25","104","100","1","7.3 %","17.8 %",".132",".303",".266",".321",".398",".312","96","-9.6","-14.4","-2.5","1.6","1738"
"Trevor Plouffe","- - -","343","1301","44","141","155","4","7.5 %","21.4 %",".166",".273",".238",".297",".404",".303","88","-7.4","-26.8","-4.2","1.4","7462"
"J.J. Hardy","Orioles","302","1143","21","112","109","0","5.1 %","17.8 %",".113",".273",".237",".275",".350",".271","65","-5.7","-52.7","27.4","1.4","3797"
"Wilmer Difo","Nationals","361","1042","15","132","78","23","8.0 %","19.1 %",".102",".300",".250",".311",".352",".285","72","5.0","-32.1","12.2","1.4","14320"
"Cameron Rupp","Phillies","274","1049","39","95","116","2","7.8 %","28.5 %",".181",".300",".236",".301",".417",".307","89","-7.1","-21.4","1.1","1.4","11146"
"Ben Revere","- - -","364","1317","5","165","89","66","4.9 %","9.3 %",".074",".299",".273",".311",".347",".288","78","13.0","-22.5","-8.1","1.3","4712"
"Gregor Blanco","- - -","379","1105","11","149","69","40","10.1 %","20.5 %",".107",".313",".250",".327",".357",".299","86","10.8","-8.7","-14.8","1.2","3123"
"Aaron Altherr","- - -","357","1151","37","142","151","21","9.6 %","28.7 %",".183",".286",".221",".310",".404",".309","90","-2.2","-17.2","-8.8","1.2","11270"
"Sean Rodriguez","- - -","475","1047","36","137","112","7","9.1 %","30.9 %",".168",".306",".227",".311",".394",".307","90","-1.6","-14.1","-7.5","1.1","6589"
"Brandon Moss","- - -","391","1391","69","154","175","3","9.0 %","30.0 %",".219",".267",".220",".295",".439",".313","94","-0.4","-10.3","-24.3","1.1","4467"
"Angel Pagan","Giants","262","1094","15","126","92","27","6.8 %","14.5 %",".105",".304",".269",".317",".374",".302","90","3.9","-8.6","-15.9","1.0","2918"
"Hanley Ramirez","- - -","445","1855","80","227","263","20","8.3 %","19.4 %",".189",".282",".258",".326",".447",".330","102","-11.4","-6.4","-47.8","0.9","8001"
"Jayson Werth","Nationals","301","1273","43","170","140","9","11.3 %","22.9 %",".169",".274",".233",".322",".402",".316","93","4.0","-6.7","-25.2","0.8","1327"
"Ryon Healy","- - -","401","1599","69","177","214","0","4.7 %","22.2 %",".190",".298",".261",".298",".452",".318","102","-11.0","-7.3","-39.0","0.8","15447"
"Gerardo Parra","- - -","633","2139","46","274","262","41","5.0 %","17.1 %",".139",".317",".278",".319",".417",".315","86","-8.0","-47.0","-14.3","0.8","8553"
"Chris Carter","- - -","351","1312","73","154","184","4","11.7 %","33.0 %",".242",".258",".211",".310",".453",".327","104","-7.9","-1.7","-34.0","0.7","9911"
"Colin Moran","- - -","309","1005","25","99","143","0","7.1 %","20.7 %",".143",".326",".274",".328",".417",".317","97","-8.7","-12.3","-13.2","0.7","16909"
"Daniel Descalso","- - -","551","1513","38","181","183","10","12.5 %","23.6 %",".154",".282",".228",".327",".383",".309","83","4.3","-27.4","-14.4","0.7","8392"
"Matt Wieters","- - -","465","1665","54","154","200","3","8.0 %","20.3 %",".152",".270",".238",".302",".390",".298","83","-9.0","-45.6","-5.6","0.4","4298"
"Guillermo Heredia","- - -","382","1101","17","115","75","6","8.1 %","17.3 %",".102",".282",".240",".317",".342",".292","84","-0.3","-21.9","-11.8","0.4","18721"
"Mark Reynolds","- - -","570","1863","74","217","258","7","10.8 %","28.4 %",".189",".323",".252",".336",".441",".335","98","-13.2","-17.9","-38.0","0.4","7619"
"Tyler Saladino","- - -","326","1064","19","109","92","28","5.8 %","23.2 %",".104",".282",".226",".278",".330",".267","65","1.9","-44.2","11.5","0.4","10807"
"Adam Engel","White Sox","329","1047","18","109","76","27","4.9 %","30.9 %",".115",".305",".215",".271",".330",".263","63","9.0","-38.7","6.5","0.3","15082"
"Mike Napoli","- - -","407","1599","81","198","217","9","11.5 %","29.7 %",".217",".267",".220",".317",".438",".324","97","-10.1","-16.0","-35.9","0.3","3057"
"Orlando Arcia","Brewers","479","1676","37","160","159","37","6.5 %","20.5 %",".117",".288",".243",".292",".360",".279","68","3.1","-64.6","13.3","0.2","13185"
"Ryan Goins","- - -","441","1366","19","125","135","6","7.3 %","22.0 %",".109",".291",".234",".291",".343",".277","70","-2.7","-51.7","7.3","0.2","9807"
"Prince Fielder","Rangers","247","1063","31","107","142","0","9.0 %","14.2 %",".146",".293",".273",".348",".419",".331","103","-7.8","-4.4","-29.9","0.2","4613"
"Jace Peterson","- - -","481","1574","20","150","137","37","10.9 %","20.3 %",".106",".287",".232",".320",".338",".292","80","1.2","-38.0","-11.3","0.1","12325"
"Nick Hundley","- - -","414","1387","41","141","162","7","5.9 %","23.4 %",".171",".318",".260",".306",".431",".314","89","-8.9","-28.5","-15.2","0.1","3376"
"Brandon Drury","- - -","435","1571","47","151","175","2","5.9 %","21.9 %",".168",".296",".251",".299",".419",".306","84","-4.1","-35.3","-15.8","0.1","11615"
"Ichiro Suzuki","- - -","449","1071","5","117","63","22","7.7 %","12.7 %",".065",".287",".253",".312",".318",".279","74","0.9","-31.7","-1.4","0.0","1101"
"Albert Pujols","Angels","706","2990","136","314","472","16","6.9 %","12.5 %",".185",".242",".249",".303",".434",".312","97","-24.8","-35.2","-69.0","-0.1","1177"
"Danny Santana","- - -","393","1246","34","163","141","49","4.3 %","26.2 %",".162",".310",".245",".284",".406",".292","75","7.7","-30.0","-15.0","-0.4","10322"
"Erick Aybar","- - -","390","1467","13","145","100","29","5.7 %","13.6 %",".083",".286",".253",".301",".335",".278","72","-0.2","-49.5","-2.2","-0.4","4082"
"Yasmany Tomas","Diamondbacks","309","1175","48","131","163","7","5.2 %","25.4 %",".193",".323",".266",".306",".459",".325","97","-8.4","-13.1","-29.7","-0.6","17171"
"Cheslor Cuthbert","Royals","322","1160","27","100","119","3","6.5 %","20.2 %",".128",".295",".250",".300",".378",".294","80","-8.6","-37.7","-13.1","-1.0","10473"
"Pablo Sandoval","- - -","408","1339","42","134","160","1","5.9 %","18.6 %",".161",".272",".244",".293",".405",".298","85","-9.5","-34.1","-19.1","-1.1","5409"
"Chris Owings","- - -","536","1909","28","199","179","65","5.3 %","24.7 %",".122",".303",".235",".279",".358",".274","63","10.2","-76.3","3.2","-1.3","10030"
"Alexei Ramirez","- - -","299","1128","16","92","110","25","4.6 %","11.6 %",".101",".265",".245",".282",".346",".272","69","-7.7","-49.5","-1.1","-1.5","5133"
"Victor Martinez","Tigers","514","2038","57","174","251","0","7.3 %","12.5 %",".135",".274",".262",".320",".397",".308","91","-28.0","-50.0","-53.7","-3.7","393"
